ref_addr	func_entry	func_name	global	instruction
00442e96	00442e56	FUN_00442e56	F_0.0333_s_per_client	FMUL dword ptr [0x00d9f62c]
004433cc	004431e5	FUN_004431e5	LTR_INT_5	MOV ECX,dword ptr [0x00d9f608]
00443409	004431e5	FUN_004431e5	LTR_INT_5	MOV ECX,dword ptr [0x00d9f608]
00448cda	00448b51	FUN_00448b51	F_GAMESPEED_MULT	FLD dword ptr [0x00d9f498]
0044d698	0044d664	FUN_0044d664	CLIENT_FPS_INT_30	FILD dword ptr [0x00d9f60c]
0044e02f	0044dfba	FUN_0044dfba	CLIENT_FPS_INT_30	MOV ESI,dword ptr [0x00d9f60c]
00450b0c	00450abc	FUN_00450abc	F_33.33_ms_per_client	FMUL dword ptr [0x00d9f620]
00450b50	00450abc	FUN_00450abc	F_33.33_ms_per_client	FLD dword ptr [0x00d9f620]
00452c9f	00452c50	FUN_00452c50	F_33.33_ms_per_client	MOVSS XMM0,dword ptr [0x00d9f620]
00452e2a	00452e0e	FUN_00452e0e	F_33.33_ms_per_client	COMISS XMM0,dword ptr [0x00d9f620]
0045a1ba	0045a188	FUN_0045a188	F_33.33_ms_per_client	MOVSS XMM0,dword ptr [0x00d9f620]
0045c6f5	0045c675	FUN_0045c675	F_33.33_ms_per_client	MOVSS XMM0,dword ptr [0x00d9f620]
0045cccd	0045cc91	FUN_0045cc91	F_33.33_ms_per_client	MOVSS XMM1,dword ptr [0x00d9f620]
0045cd0a	0045cc91	FUN_0045cc91	F_33.33_ms_per_client	MOVSS XMM0,dword ptr [0x00d9f620]
0045cd31	0045cc91	FUN_0045cc91	F_33.33_ms_per_client	COMISS XMM0,dword ptr [0x00d9f620]
0045cdce	0045cc91	FUN_0045cc91	F_33.33_ms_per_client	MOVSS XMM0,dword ptr [0x00d9f620]
0045efe5	0045e9d1	FUN_0045e9d1	F_33.33_ms_per_client	SUBSS XMM0,dword ptr [0x00d9f620]
004615bf	0046154d	FUN_0046154d	F_33.33_ms_per_client	MOVSS XMM1,dword ptr [0x00d9f620]
00461af5	00461a83	FUN_00461a83	F_33.33_ms_per_client	COMISS XMM0,dword ptr [0x00d9f620]
0046f66a	0046f48e	FUN_0046f48e	LTR_INT_5	MOV EAX,[0x00d9f608]
004801d5	0048017a	FUN_0048017a	CLIENT_FPS_INT_30	FIMUL dword ptr [0x00d9f60c]
00480268	00480215	FUN_00480215	CLIENT_FPS_INT_30	FIMUL dword ptr [0x00d9f60c]
004802fd	004802aa	FUN_004802aa	CLIENT_FPS_INT_30	FIMUL dword ptr [0x00d9f60c]
00480392	0048033f	FUN_0048033f	CLIENT_FPS_INT_30	FIMUL dword ptr [0x00d9f60c]
00480427	004803d4	FUN_004803d4	CLIENT_FPS_INT_30	FIMUL dword ptr [0x00d9f60c]
004804bc	00480469	FUN_00480469	CLIENT_FPS_INT_30	FIMUL dword ptr [0x00d9f60c]
00480551	004804fe	FUN_004804fe	CLIENT_FPS_INT_30	FIMUL dword ptr [0x00d9f60c]
004805e6	00480593	FUN_00480593	CLIENT_FPS_INT_30	FIMUL dword ptr [0x00d9f60c]
0048067b	00480628	FUN_00480628	CLIENT_FPS_INT_30	FIMUL dword ptr [0x00d9f60c]
00480710	004806bd	FUN_004806bd	CLIENT_FPS_INT_30	FIMUL dword ptr [0x00d9f60c]
00480912	004808b7	FUN_004808b7	CLIENT_FPS_INT_30	FIMUL dword ptr [0x00d9f60c]
0048099c	0048095c	FUN_0048095c	CLIENT_FPS_INT_30	FIMUL dword ptr [0x00d9f60c]
00480bb7	00480b64	FUN_00480b64	CLIENT_FPS_INT_30	FIMUL dword ptr [0x00d9f60c]
00480c9d	00480c46	FUN_00480c46	CLIENT_FPS_INT_30	FIMUL dword ptr [0x00d9f60c]
00480d76	00480d1f	FUN_00480d1f	CLIENT_FPS_INT_30	FIMUL dword ptr [0x00d9f60c]
00480e4f	00480df8	FUN_00480df8	CLIENT_FPS_INT_30	FIMUL dword ptr [0x00d9f60c]
00480f28	00480ed1	FUN_00480ed1	CLIENT_FPS_INT_30	FIMUL dword ptr [0x00d9f60c]
00481001	00480faa	FUN_00480faa	CLIENT_FPS_INT_30	FIMUL dword ptr [0x00d9f60c]
004810da	00481083	FUN_00481083	CLIENT_FPS_INT_30	FIMUL dword ptr [0x00d9f60c]
004811b3	0048115c	FUN_0048115c	CLIENT_FPS_INT_30	FIMUL dword ptr [0x00d9f60c]
0048128c	00481235	FUN_00481235	CLIENT_FPS_INT_30	FIMUL dword ptr [0x00d9f60c]
0048aa62	0048a953	FUN_0048a953	CLIENT_FPS_INT_30	FILD dword ptr [0x00d9f60c]
004b3022	004b2f9e	FUN_004b2f9e	F_200_ms_per_logic	FMUL dword ptr [0x00d9f614]
004b6855	004b67d4	FUN_004b67d4	F_200_ms_per_logic	MULSS XMM1,dword ptr [0x00d9f614]
004bee49	004be587	FUN_004be587	F_0.005_per_ms_logic	MULSS XMM0,dword ptr [0x00d9f610]
004c4f74	004c451d	FUN_004c451d	F_0.03_client_per_ms	FLD dword ptr [0x00d9f624]
004c4f8e	004c451d	FUN_004c451d	F_0.03_client_per_ms	FLD dword ptr [0x00d9f624]
004c512d	004c451d	FUN_004c451d	F_0.03_client_per_ms	FMUL dword ptr [0x00d9f624]
004c513e	004c451d	FUN_004c451d	F_0.03_client_per_ms	FMUL dword ptr [0x00d9f624]
004ce443	004ce3a8	FUN_004ce3a8	LTR_INT_5	MOV EAX,[0x00d9f608]
004ce456	004ce3a8	FUN_004ce3a8	LTR_INT_5	MOV EAX,[0x00d9f608]
004cf2bb	004cf2b5	FUN_004cf2b5	LTR_INT_5	CVTSI2SS XMM0,dword ptr [0x00d9f608]
004cf3cf	004cf2b5	FUN_004cf2b5	LTR_INT_5	CVTSI2SS XMM0,dword ptr [0x00d9f608]
005dc6ee	005dc6e0	FUN_005dc6e0	LTR_INT_5	MOV ECX,dword ptr [0x00d9f608]
005dc702	005dc6e0	FUN_005dc6e0	LTR_INT_5	MOV ECX,dword ptr [0x00d9f608]
005dc70e	005dc6e0	FUN_005dc6e0	LTR_INT_5	MOV ECX,dword ptr [0x00d9f608]
005dcb6f	005dcb28	FUN_005dcb28	F_0.03_client_per_ms	FMUL dword ptr [0x00d9f624]
005dd986	005dd618	FUN_005dd618	F_33.33_ms_per_client	SUBSS XMM0,dword ptr [0x00d9f620]
005dd997	005dd618	FUN_005dd618	F_33.33_ms_per_client	SUBSS XMM0,dword ptr [0x00d9f620]
005df4ad	005df46b	FUN_005df46b	LTR_INT_5	FIMUL dword ptr [0x00d9f608]
005dff96	005dff7a	FUN_005dff7a	LTR_INT_5	MOV EAX,[0x00d9f608]
005e0776	005e05ab	FUN_005e05ab	F_0.03_client_per_ms	FLD dword ptr [0x00d9f624]
005e1cf4	005e1270	FUN_005e1270	F_0.005_per_ms_logic	FMUL dword ptr [0x00d9f610]
005e3724	005e36fb	FUN_005e36fb	F_0.2_s_per_logic	FMUL dword ptr [0x00d9f61c]
005e37ac	005e3796	FUN_005e3796	F_0.2_s_per_logic	FMUL dword ptr [0x00d9f61c]
005e37f1	005e37d4	FUN_005e37d4	F_0.2_s_per_logic	MOVSS XMM0,dword ptr [0x00d9f61c]
005e3f94	005e3f49	FUN_005e3f49	F_0.2_s_per_logic	MULSS XMM0,dword ptr [0x00d9f61c]
005e3fbe	005e3f49	FUN_005e3f49	F_0.2_s_per_logic	MULSS XMM0,dword ptr [0x00d9f61c]
005e3fc8	005e3f49	FUN_005e3f49	F_0.2_s_per_logic	MOVSS XMM0,dword ptr [0x00d9f61c]
005e4385	005e4326	FUN_005e4326	LTR_INT_5	MOV EDX,dword ptr [0x00d9f608]
005e43ba	005e4326	FUN_005e4326	LTR_INT_5	MOV EDX,dword ptr [0x00d9f608]
005e43c8	005e4326	FUN_005e4326	LTR_INT_5	MOV EDX,dword ptr [0x00d9f608]
005e5acb	005e586f	FUN_005e586f	LTR_INT_5	CVTSI2SS XMM1,dword ptr [0x00d9f608]
005e6cc1	005e6b6b	FUN_005e6b6b	LTR_INT_5	MOV EAX,[0x00d9f608]
005e77ba	005e76ac	FUN_005e76ac	LTR_INT_5	CMP EAX,dword ptr [0x00d9f608]
005e7a96	005e76ac	FUN_005e76ac	LTR_INT_5	CVTSI2SS XMM2,dword ptr [0x00d9f608]
005e7b8e	005e76ac	FUN_005e76ac	LTR_INT_5	CVTSI2SS XMM1,dword ptr [0x00d9f608]
00605090	00605021	FUN_00605021	LTR_INT_5	FIDIV dword ptr [0x00d9f608]
00605e3e	00605e03	FUN_00605e03	LTR_INT_5	MOV EAX,[0x00d9f608]
00608e19	00608d0b	FUN_00608d0b	F_0.005_per_ms_logic	FLD dword ptr [0x00d9f610]
0060911c	00609092	FUN_00609092	F_0.005_per_ms_logic	FLD dword ptr [0x00d9f610]
0060925e	00609200	FUN_00609200	F_0.005_per_ms_logic	FLD dword ptr [0x00d9f610]
00609820	00609685	FUN_00609685	LTR_INT_5	MOV EAX,[0x00d9f608]
0060a198	0060a15c	FUN_0060a15c	LTR_INT_5	MOV EAX,[0x00d9f608]
006165d1	006164d7	FUN_006164d7	LTR_INT_5	IDIV dword ptr [0x00d9f608]
00626092	00626087	FUN_00626087	LTR_INT_5	IMUL EAX,dword ptr [0x00d9f608]
006323b2	0063239d	FUN_0063239d	F_GAMESPEED_MULT	COMISS XMM0,dword ptr [0x00d9f498]
0063252f	0063252f	FUN_0063252f	CLIENT_FPS_INT_30	MOV EAX,[0x00d9f60c]
00632535	0063252f	FUN_0063252f	LTR_INT_5	IDIV dword ptr [0x00d9f608]
0063260f	006325a0	FUN_006325a0	CLIENT_FPS_INT_30	MOV EAX,[0x00d9f60c]
00632615	006325a0	FUN_006325a0	LTR_INT_5	IDIV dword ptr [0x00d9f608]
00632a95	00632994	FUN_00632994	CLIENT_FPS_INT_30	MOV EAX,[0x00d9f60c]
00632a9b	00632994	FUN_00632994	LTR_INT_5	IDIV dword ptr [0x00d9f608]
00635dca	00635cf5	FUN_00635cf5	CLIENT_FPS_INT_30	MOV EAX,[0x00d9f60c]
00635dd0	00635cf5	FUN_00635cf5	LTR_INT_5	IDIV dword ptr [0x00d9f608]
0063a043	00639fef	FUN_00639fef	F_GAMESPEED_MULT	MOVSS XMM0,dword ptr [0x00d9f498]
0063a080	00639fef	FUN_00639fef	F_GAMESPEED_MULT	MOVSS dword ptr [0x00d9f498],XMM0
0063a09d	00639fef	FUN_00639fef	F_GAMESPEED_MULT	MOVSS dword ptr [0x00d9f498],XMM0
0063a14a	00639fef	FUN_00639fef	F_GAMESPEED_MULT	MOVSS dword ptr [0x00d9f498],XMM0
0063a154	00639fef	FUN_00639fef	F_GAMESPEED_MULT	MOVSS XMM0,dword ptr [0x00d9f498]
0063a1a1	00639fef	FUN_00639fef	F_GAMESPEED_MULT	FMUL dword ptr [0x00d9f498]
0063cf0f	0063cef1	FUN_0063cef1	CLIENT_FPS_INT_30	MOV EAX,[0x00d9f60c]
0063cf15	0063cef1	FUN_0063cef1	LTR_INT_5	IDIV dword ptr [0x00d9f608]
00642b5f	006429ad	FUN_006429ad	LTR_INT_5	MOV EAX,[0x00d9f608]
0064336b	006429ad	FUN_006429ad	LTR_INT_5	MOV EAX,[0x00d9f608]
00643381	006429ad	FUN_006429ad	LTR_INT_5	MOV EAX,[0x00d9f608]
0064345c	006429ad	FUN_006429ad	LTR_INT_5	MOV EAX,[0x00d9f608]
0064347b	006429ad	FUN_006429ad	LTR_INT_5	MOV EAX,[0x00d9f608]
0064349e	006429ad	FUN_006429ad	LTR_INT_5	MOV EAX,[0x00d9f608]
006451c7	00645143	FUN_00645143	LTR_INT_5	MOV EAX,[0x00d9f608]
00646781	00646771	FUN_00646771	F_33.33_ms_per_client	FLD dword ptr [0x00d9f620]
006487a3	0064849e	FUN_0064849e	LTR_INT_5	MOV ECX,dword ptr [0x00d9f608]
0065dde9	0065dd0f	FUN_0065dd0f	LTR_INT_5	MOV EAX,[0x00d9f608]
0065deb8	0065de5e	FUN_0065de5e	LTR_INT_5	MOV EAX,[0x00d9f608]
00662ce8	00662cc6	FUN_00662cc6	LTR_INT_5	MOV EAX,[0x00d9f608]
006638ac	00663802	FUN_00663802	LTR_INT_5	PUSH dword ptr [0x00d9f608]
006638bb	00663802	FUN_00663802	LTR_INT_5	MOV EAX,[0x00d9f608]
00663998	006638fc	FUN_006638fc	LTR_INT_5	MOV EAX,[0x00d9f608]
00663c2c	006639cf	FUN_006639cf	LTR_INT_5	MOV EAX,[0x00d9f608]
00663cba	00663c6b	FUN_00663c6b	LTR_INT_5	MOV EAX,[0x00d9f608]
00664ff2	00664f93	FUN_00664f93	LTR_INT_5	PUSH dword ptr [0x00d9f608]
00665031	00664f93	FUN_00664f93	LTR_INT_5	PUSH dword ptr [0x00d9f608]
00666803	00665c33	FUN_00665c33	LTR_INT_5	PUSH dword ptr [0x00d9f608]
00667f9c	00667ed1	FUN_00667ed1	LTR_INT_5	PUSH dword ptr [0x00d9f608]
00668db8	00668af8	FUN_00668af8	LTR_INT_5	MOV ECX,dword ptr [0x00d9f608]
0066a3de	00669932	FUN_00669932	LTR_INT_5	CVTSI2SS XMM1,dword ptr [0x00d9f608]
0066b47d	0066b3fd	FUN_0066b3fd	LTR_INT_5	MOV EAX,[0x00d9f608]
0066c8ef	0066c748	FUN_0066c748	LTR_INT_5	MOV EAX,[0x00d9f608]
0066d5a0	0066d16e	FUN_0066d16e	LTR_INT_5	MOV ECX,dword ptr [0x00d9f608]
0066d5dd	0066d16e	FUN_0066d16e	LTR_INT_5	MOV ECX,dword ptr [0x00d9f608]
0066d603	0066d16e	FUN_0066d16e	LTR_INT_5	MOV ECX,dword ptr [0x00d9f608]
0066db8f	0066da5f	FUN_0066da5f	LTR_INT_5	MOV ECX,dword ptr [0x00d9f608]
0066dd32	0066da5f	FUN_0066da5f	LTR_INT_5	MOV EAX,[0x00d9f608]
0066e925	0066e8ff	FUN_0066e8ff	LTR_INT_5	MOV EAX,[0x00d9f608]
0066f1f5	0066f1a8	FUN_0066f1a8	LTR_INT_5	CVTSI2SS XMM1,dword ptr [0x00d9f608]
0066f203	0066f1a8	FUN_0066f1a8	LTR_INT_5	CVTSI2SS XMM0,dword ptr [0x00d9f608]
006731ca	00673114	FUN_00673114	CLIENT_FPS_INT_30	FILD dword ptr [0x00d9f60c]
00673222	00673114	FUN_00673114	F_0.0333_s_per_client	MOVSS XMM0,dword ptr [0x00d9f62c]
00673289	00673114	FUN_00673114	CLIENT_FPS_INT_30	FILD dword ptr [0x00d9f60c]
00673494	006732dc	FUN_006732dc	CLIENT_FPS_INT_30	CVTSI2SS XMM1,dword ptr [0x00d9f60c]
0067349c	006732dc	FUN_006732dc	LTR_INT_5	CVTSI2SS XMM0,dword ptr [0x00d9f608]
00676151	006760f9	FUN_006760f9	CLIENT_FPS_INT_30	FILD dword ptr [0x00d9f60c]
0067d0b6	0067d08d	FUN_0067d08d	LTR_INT_5	DIV dword ptr [0x00d9f608]
0067dc74	0067dbf7	FUN_0067dbf7	LTR_INT_5	FILD dword ptr [0x00d9f608]
0068c7d6	0068c7c1	FUN_0068c7c1	LTR_INT_5	IMUL EAX,dword ptr [0x00d9f608]
0068c8c2	0068c89b	FUN_0068c89b	LTR_INT_5	MOV ECX,dword ptr [0x00d9f608]
0068c91b	0068c91b	FUN_0068c91b	LTR_INT_5	MOV EAX,[0x00d9f608]
0068c934	0068c933	FUN_0068c933	LTR_INT_5	MOV ESI,dword ptr [0x00d9f608]
0068d4a3	0068d440	FUN_0068d440	LTR_INT_5	MOV EDX,dword ptr [0x00d9f608]
00690444	006903b6	FUN_006903b6	LTR_INT_5	MOV EAX,[0x00d9f608]
0069070f	0069068d	FUN_0069068d	LTR_INT_5	MOV EAX,[0x00d9f608]
006910c1	00691059	FUN_00691059	LTR_INT_5	PUSH dword ptr [0x00d9f608]
006910d6	00691059	FUN_00691059	LTR_INT_5	PUSH dword ptr [0x00d9f608]
006910eb	00691059	FUN_00691059	LTR_INT_5	PUSH dword ptr [0x00d9f608]
00691172	00691106	FUN_00691106	LTR_INT_5	PUSH dword ptr [0x00d9f608]
00691187	00691106	FUN_00691106	LTR_INT_5	PUSH dword ptr [0x00d9f608]
0069119c	00691106	FUN_00691106	LTR_INT_5	PUSH dword ptr [0x00d9f608]
00693538	0069320d	FUN_0069320d	LTR_INT_5	PUSH dword ptr [0x00d9f608]
00696835	00696800	FUN_00696800	LTR_INT_5	PUSH dword ptr [0x00d9f608]
006968a5	00696800	FUN_00696800	LTR_INT_5	PUSH dword ptr [0x00d9f608]
0069df0e	0069dea9	FUN_0069dea9	LTR_INT_5	CVTSI2SS XMM0,dword ptr [0x00d9f608]
0069e5e3	0069e5bb	FUN_0069e5bb	CLIENT_FPS_INT_30	FILD dword ptr [0x00d9f60c]
006a0eb8	006a0bc0	FUN_006a0bc0	LTR_INT_5	DIV dword ptr [0x00d9f608]
006a12a9	006a0bc0	FUN_006a0bc0	F_0.2_s_per_logic	FMUL dword ptr [0x00d9f61c]
006a181a	006a1770	FUN_006a1770	CLIENT_FPS_INT_30	MOV EAX,[0x00d9f60c]
006a183f	006a1770	FUN_006a1770	F_0.03_client_per_ms	FLD dword ptr [0x00d9f624]
006a1910	006a1875	FUN_006a1875	LTR_INT_5	FILD dword ptr [0x00d9f608]
006a1a32	006a1978	FUN_006a1978	LTR_INT_5	FILD dword ptr [0x00d9f608]
006a1fb5	006a1f4d	FUN_006a1f4d	LTR_INT_5	IDIV dword ptr [0x00d9f608]
006a2456	006a1f4d	FUN_006a1f4d	CLIENT_FPS_INT_30	DIV dword ptr [0x00d9f60c]
006a5795	006a5723	FUN_006a5723	CLIENT_FPS_INT_30	FILD dword ptr [0x00d9f60c]
006a5901	006a5723	FUN_006a5723	CLIENT_FPS_INT_30	FIDIV dword ptr [0x00d9f60c]
006a713a	006a6aad	FUN_006a6aad	CLIENT_FPS_INT_30	MOV EAX,[0x00d9f60c]
006a991e	006a9807	FUN_006a9807	LTR_INT_5	MOV EAX,[0x00d9f608]
006a992f	006a9807	FUN_006a9807	LTR_INT_5	MOV EAX,[0x00d9f608]
006a993d	006a9807	FUN_006a9807	LTR_INT_5	MOV EAX,[0x00d9f608]
006af348	006af269	FUN_006af269	LTR_INT_5	DIV dword ptr [0x00d9f608]
006b336e	006b3360	FUN_006b3360	CLIENT_FPS_INT_30	MOV EAX,[0x00d9f60c]
006b3fe3	006b3fd7	FUN_006b3fd7	CLIENT_FPS_INT_30	MOV EAX,[0x00d9f60c]
006b4794	006b4779	FUN_006b4779	LTR_INT_5	IMUL EAX,dword ptr [0x00d9f608]
006b47cd	006b47c8	FUN_006b47c8	LTR_INT_5	MOV ECX,dword ptr [0x00d9f608]
006bfa17	006bf96d	FUN_006bf96d	F_0.0333_s_per_client	MULSS XMM0,dword ptr [0x00d9f62c]
006bfa5e	006bf96d	FUN_006bf96d	CLIENT_FPS_INT_30	FILD dword ptr [0x00d9f60c]
006c76d0	006c7677	FUN_006c7677	F_0.2_s_per_logic	FMUL dword ptr [0x00d9f61c]
006c7729	006c7677	FUN_006c7677	F_0.2_s_per_logic	FMUL dword ptr [0x00d9f61c]
006c9e45	006c9d99	FUN_006c9d99	F_0.005_per_ms_logic	FMUL dword ptr [0x00d9f610]
006c9e5d	006c9d99	FUN_006c9d99	F_0.005_per_ms_logic	FMUL dword ptr [0x00d9f610]
006c9f26	006c9e7a	FUN_006c9e7a	F_0.005_per_ms_logic	FMUL dword ptr [0x00d9f610]
006c9f3e	006c9e7a	FUN_006c9e7a	F_0.005_per_ms_logic	FMUL dword ptr [0x00d9f610]
006d3dae	006d3dac	FUN_006d3dac	CLIENT_FPS_INT_30	MOV ECX,dword ptr [0x00d9f60c]
006d3dd6	006d3dce	FUN_006d3dce	CLIENT_FPS_INT_30	MOV ECX,dword ptr [0x00d9f60c]
006d456c	006d455f	FUN_006d455f	CLIENT_FPS_INT_30	MOV EAX,[0x00d9f60c]
006d47b4	006d47a5	FUN_006d47a5	CLIENT_FPS_INT_30	CVTSI2SS XMM0,dword ptr [0x00d9f60c]
006d8e96	006d8e0f	FUN_006d8e0f	LTR_INT_5	FILD dword ptr [0x00d9f608]
006d946f	006d93eb	FUN_006d93eb	CLIENT_FPS_INT_30	FILD dword ptr [0x00d9f60c]
006d94a8	006d93eb	FUN_006d93eb	CLIENT_FPS_INT_30	FILD dword ptr [0x00d9f60c]
006d9b75	006d9b4d	FUN_006d9b4d	CLIENT_FPS_INT_30	MOV ECX,dword ptr [0x00d9f60c]
006f0fdb	006f0fd5	FUN_006f0fd5	LTR_INT_5	MOV EAX,[0x00d9f608]
006f10a4	006f0fd5	FUN_006f0fd5	LTR_INT_5	MOV EAX,[0x00d9f608]
006f246e	006f2364	FUN_006f2364	LTR_INT_5	MOV EAX,[0x00d9f608]
006ffc6b	006ffbef	FUN_006ffbef	LTR_INT_5	MOV EAX,[0x00d9f608]
006ffc78	006ffbef	FUN_006ffbef	LTR_INT_5	MOV EAX,[0x00d9f608]
0071c406	0071c3a1	FUN_0071c3a1	LTR_INT_5	MOV EDI,dword ptr [0x00d9f608]
0073297a	00732926	FUN_00732926	F_0.03_client_per_ms	FLD dword ptr [0x00d9f624]
00732b4f	00732926	FUN_00732926	F_0.0333_s_per_client	FLD dword ptr [0x00d9f62c]
0073a418	0073a403	FUN_0073a403	F_0.005_per_ms_logic	FLD dword ptr [0x00d9f610]
0073a450	0073a429	FUN_0073a429	F_0.005_per_ms_logic	FMUL dword ptr [0x00d9f610]
0073a496	0073a46f	FUN_0073a46f	F_0.005_per_ms_logic	FMUL dword ptr [0x00d9f610]
0073a817	0073a74b	FUN_0073a74b	F_0.005_per_ms_logic	FMUL dword ptr [0x00d9f610]
0073a86a	0073a74b	FUN_0073a74b	F_0.005_per_ms_logic	FMUL dword ptr [0x00d9f610]
0073a8bd	0073a74b	FUN_0073a74b	F_0.005_per_ms_logic	FMUL dword ptr [0x00d9f610]
0073a910	0073a74b	FUN_0073a74b	F_0.005_per_ms_logic	FMUL dword ptr [0x00d9f610]
0073a960	0073a74b	FUN_0073a74b	F_0.005_per_ms_logic	FMUL dword ptr [0x00d9f610]
0073b09c	0073b071	FUN_0073b071	F_0.005_per_ms_logic	FMUL dword ptr [0x00d9f610]
0073c59e	0073c39e	FUN_0073c39e	LTR_INT_5	MOV EAX,[0x00d9f608]
0073c5d0	0073c39e	FUN_0073c39e	LTR_INT_5	MOV EAX,[0x00d9f608]
0073feef	0073fb7a	FUN_0073fb7a	LTR_INT_5	MOV EAX,[0x00d9f608]
0074025f	0073fb7a	FUN_0073fb7a	LTR_INT_5	MOV EAX,[0x00d9f608]
0074027d	0073fb7a	FUN_0073fb7a	LTR_INT_5	MOV EAX,[0x00d9f608]
007416ea	0074168e	FUN_0074168e	LTR_INT_5	MOV EAX,[0x00d9f608]
00741f69	00741e38	FUN_00741e38	LTR_INT_5	CMP ECX,dword ptr [0x00d9f608]
00742326	00742271	FUN_00742271	LTR_INT_5	CMP EAX,dword ptr [0x00d9f608]
00743be0	00743bd2	FUN_00743bd2	LTR_INT_5	MOV EAX,[0x00d9f608]
00743d30	00743d0f	FUN_00743d0f	LTR_INT_5	PUSH dword ptr [0x00d9f608]
00746a73	0074697a	FUN_0074697a	LTR_INT_5	MOV EAX,[0x00d9f608]
00746aec	00746a99	FUN_00746a99	LTR_INT_5	MOV EAX,[0x00d9f608]
00746bff	00746a99	FUN_00746a99	LTR_INT_5	MOV ECX,dword ptr [0x00d9f608]
00746cee	00746a99	FUN_00746a99	LTR_INT_5	CMP EDX,dword ptr [0x00d9f608]
00746ed3	00746db6	FUN_00746db6	LTR_INT_5	CMP EAX,dword ptr [0x00d9f608]
00747260	007471cf	FUN_007471cf	LTR_INT_5	CMP EAX,dword ptr [0x00d9f608]
00747517	007471cf	FUN_007471cf	LTR_INT_5	MOV EAX,[0x00d9f608]
00747f4e	00747ef4	FUN_00747ef4	LTR_INT_5	MOV EAX,[0x00d9f608]
00748071	00747ef4	FUN_00747ef4	LTR_INT_5	MOV EAX,[0x00d9f608]
00748263	00747ef4	FUN_00747ef4	LTR_INT_5	MOV EAX,[0x00d9f608]
00749129	00748e46	FUN_00748e46	LTR_INT_5	MOV EAX,[0x00d9f608]
007493b9	00748e46	FUN_00748e46	LTR_INT_5	MOV EAX,[0x00d9f608]
00749bb4	00749a3e	FUN_00749a3e	LTR_INT_5	CMP EDX,dword ptr [0x00d9f608]
00749cab	00749a3e	FUN_00749a3e	LTR_INT_5	MOV ECX,dword ptr [0x00d9f608]
00749f97	00749d46	FUN_00749d46	LTR_INT_5	MOV EAX,[0x00d9f608]
0074a64c	0074a594	FUN_0074a594	LTR_INT_5	CMP ECX,dword ptr [0x00d9f608]
0074ad43	0074acad	FUN_0074acad	LTR_INT_5	MOV EAX,[0x00d9f608]
0074b6c4	0074b1d6	FUN_0074b1d6	LTR_INT_5	MOV EAX,[0x00d9f608]
0074b6df	0074b1d6	FUN_0074b1d6	LTR_INT_5	MOV ECX,dword ptr [0x00d9f608]
0074d489	0074d46d	FUN_0074d46d	LTR_INT_5	MOV EAX,[0x00d9f608]
0074e76d	0074e6ce	FUN_0074e6ce	LTR_INT_5	MOV EAX,[0x00d9f608]
0074e848	0074e6ce	FUN_0074e6ce	LTR_INT_5	MOV ECX,dword ptr [0x00d9f608]
0074ea25	0074e6ce	FUN_0074e6ce	LTR_INT_5	MOV ECX,dword ptr [0x00d9f608]
0074eac1	0074e6ce	FUN_0074e6ce	LTR_INT_5	MOV ECX,dword ptr [0x00d9f608]
0074ec20	0074eb5c	FUN_0074eb5c	LTR_INT_5	MOV EAX,[0x00d9f608]
0074ed8e	0074eb5c	FUN_0074eb5c	LTR_INT_5	MOV EAX,[0x00d9f608]
00751fc5	00751f01	FUN_00751f01	LTR_INT_5	CMP EAX,dword ptr [0x00d9f608]
007559ad	00755798	FUN_00755798	LTR_INT_5	MOV EAX,[0x00d9f608]
00755a06	00755798	FUN_00755798	LTR_INT_5	MOV ECX,dword ptr [0x00d9f608]
00759afd	00759a6c	FUN_00759a6c	F_200_ms_per_logic	FDIV dword ptr [0x00d9f614]
00759c15	00759b84	FUN_00759b84	F_200_ms_per_logic	FDIV dword ptr [0x00d9f614]
0076523b	007651b1	FUN_007651b1	F_0.03_client_per_ms	FLD dword ptr [0x00d9f624]
0076cbdb	0076cb71	FUN_0076cb71	LTR_INT_5	CVTSI2SS XMM1,dword ptr [0x00d9f608]
00772016	00771f49	FUN_00771f49	LTR_INT_5	PUSH dword ptr [0x00d9f608]
00774ce0	00774897	FUN_00774897	LTR_INT_5	PUSH dword ptr [0x00d9f608]
00777ada	007779e3	FUN_007779e3	F_0.2_s_per_logic	FMUL dword ptr [0x00d9f61c]
0077b68d	00779a3d	FUN_00779a3d	LTR_INT_5	ADD EAX,dword ptr [0x00d9f608]
0077be6e	00779a3d	FUN_00779a3d	LTR_INT_5	MOV EAX,[0x00d9f608]
007925eb	00792559	FUN_00792559	LTR_INT_5	MOV ECX,dword ptr [0x00d9f608]
007925f4	00792559	FUN_00792559	LTR_INT_5	MOV ECX,dword ptr [0x00d9f608]
007925ff	00792559	FUN_00792559	LTR_INT_5	MOV ECX,dword ptr [0x00d9f608]
00792e95	00792dbd	FUN_00792dbd	LTR_INT_5	MOV EAX,[0x00d9f608]
00798af0	007987ee	FUN_007987ee	CLIENT_FPS_INT_30	FILD dword ptr [0x00d9f60c]
00799ae6	00799acb	FUN_00799acb	LTR_INT_5	CVTSI2SS XMM0,dword ptr [0x00d9f608]
0079cb70	0079cb47	FUN_0079cb47	CLIENT_FPS_INT_30	FILD dword ptr [0x00d9f60c]
0079cf57	0079ccf2	FUN_0079ccf2	LTR_INT_5	CVTSI2SS XMM0,dword ptr [0x00d9f608]
0079d035	0079ccf2	FUN_0079ccf2	LTR_INT_5	CVTSI2SS XMM0,dword ptr [0x00d9f608]
0079d0d4	0079ccf2	FUN_0079ccf2	LTR_INT_5	MOV EAX,[0x00d9f608]
0079dc20	0079dc0c	FUN_0079dc0c	LTR_INT_5	DIV dword ptr [0x00d9f608]
0079dc2f	0079dc27	FUN_0079dc27	LTR_INT_5	DIV dword ptr [0x00d9f608]
0079fe88	0079fe73	FUN_0079fe73	LTR_INT_5	IMUL EAX,dword ptr [0x00d9f608]
007a283e	007a267d	FUN_007a267d	LTR_INT_5	MOV ECX,dword ptr [0x00d9f608]
007a3734	007a2c96	FUN_007a2c96	LTR_INT_5	IMUL EAX,dword ptr [0x00d9f608]
007a3c9c	007a3c49	FUN_007a3c49	LTR_INT_5	MOV EDI,dword ptr [0x00d9f608]
007b1102	007b10b4	FUN_007b10b4	CLIENT_FPS_INT_30	IMUL EAX,dword ptr [0x00d9f60c]
007b1160	007b10b4	FUN_007b10b4	CLIENT_FPS_INT_30	IMUL EAX,dword ptr [0x00d9f60c]
007b12fe	007b12f4	FUN_007b12f4	CLIENT_FPS_INT_30	IMUL EAX,dword ptr [0x00d9f60c]
007b140b	007b13a5	FUN_007b13a5	CLIENT_FPS_INT_30	IMUL EAX,dword ptr [0x00d9f60c]
007b1fb5	007b1f5b	FUN_007b1f5b	LTR_INT_5	MOV EAX,[0x00d9f608]
007bbfc8	007bbfb2	FUN_007bbfb2	CLIENT_FPS_INT_30	MOV EAX,[0x00d9f60c]
007bc03e	007bc013	FUN_007bc013	LTR_INT_5	MOV EAX,[0x00d9f608]
007bd495	007bd477	FUN_007bd477	LTR_INT_5	CVTSI2SS XMM0,dword ptr [0x00d9f608]
007bd59a	007bd582	FUN_007bd582	LTR_INT_5	CVTSI2SS XMM0,dword ptr [0x00d9f608]
007bdd7a	007bdd7a	FUN_007bdd7a	CLIENT_FPS_INT_30	MOV EAX,[0x00d9f60c]
007bdd97	007bdd97	FUN_007bdd97	CLIENT_FPS_INT_30	MOV EAX,[0x00d9f60c]
007c098b	007c083e	FUN_007c083e	LTR_INT_5	MOV EAX,[0x00d9f608]
007c0a40	007c09e3	FUN_007c09e3	LTR_INT_5	MOV EAX,[0x00d9f608]
007c1766	007c1704	FUN_007c1704	LTR_INT_5	MOV EAX,[0x00d9f608]
007c29dd	007c299d	FUN_007c299d	LTR_INT_5	CVTSI2SS XMM0,dword ptr [0x00d9f608]
007c499c	007c495b	FUN_007c495b	LTR_INT_5	MOV ECX,dword ptr [0x00d9f608]
007c4a14	007c49bc	FUN_007c49bc	LTR_INT_5	MOV ECX,dword ptr [0x00d9f608]
007c4a79	007c4a34	FUN_007c4a34	LTR_INT_5	MOV ESI,dword ptr [0x00d9f608]
007c645c	007c6404	FUN_007c6404	LTR_INT_5	FILD dword ptr [0x00d9f608]
007c6502	007c649a	FUN_007c649a	LTR_INT_5	FILD dword ptr [0x00d9f608]
007c8e9e	007c8e49	FUN_007c8e49	LTR_INT_5	MOV EAX,[0x00d9f608]
007c9ddc	007c9d7d	FUN_007c9d7d	LTR_INT_5	MOV EAX,[0x00d9f608]
007c9e2d	007c9df6	FUN_007c9df6	LTR_INT_5	MOV EAX,[0x00d9f608]
007c9ecf	007c9e48	FUN_007c9e48	LTR_INT_5	MOV EAX,[0x00d9f608]
007cdf02	007cafa5	FUN_007cafa5	LTR_INT_5	CVTSI2SS XMM1,dword ptr [0x00d9f608]
007e487c	007e4866	FUN_007e4866	LTR_INT_5	CVTSI2SS XMM0,dword ptr [0x00d9f608]
007e4903	007e48ed	FUN_007e48ed	LTR_INT_5	CVTSI2SS XMM0,dword ptr [0x00d9f608]
007e5661	007e5640	FUN_007e5640	LTR_INT_5	MOV ECX,dword ptr [0x00d9f608]
007e601c	007e6017	FUN_007e6017	LTR_INT_5	FILD dword ptr [0x00d9f608]
007e64de	007e64cd	FUN_007e64cd	LTR_INT_5	CVTSI2SS XMM0,dword ptr [0x00d9f608]
007e8998	007e8954	FUN_007e8954	F_0.005_per_ms_logic	FLD dword ptr [0x00d9f610]
007e9c5d	007e9c33	FUN_007e9c33	LTR_INT_5	MOV ESI,dword ptr [0x00d9f608]
007eafae	007eaf48	FUN_007eaf48	LTR_INT_5	MOV ECX,dword ptr [0x00d9f608]
007eb0f3	007eb046	FUN_007eb046	LTR_INT_5	MOV ECX,dword ptr [0x00d9f608]
007ee17f	007ee166	FUN_007ee166	LTR_INT_5	IMUL EAX,dword ptr [0x00d9f608]
007ef24b	007ef198	FUN_007ef198	F_0.2_s_per_logic	MOVSS XMM0,dword ptr [0x00d9f61c]
007fa501	007fa0a6	FUN_007fa0a6	F_5_logic_per_s	FMUL dword ptr [0x00d9f618]
007fb2ce	007fb29c	FUN_007fb29c	CLIENT_FPS_INT_30	IMUL EAX,dword ptr [0x00d9f60c]
007fb334	007fb29c	FUN_007fb29c	CLIENT_FPS_INT_30	IMUL EAX,dword ptr [0x00d9f60c]
007fea4b	007fea48	FUN_007fea48	CLIENT_FPS_INT_30	FILD dword ptr [0x00d9f60c]
00805192	008050d3	FUN_008050d3	F_0.005_per_ms_logic	FMUL dword ptr [0x00d9f610]
00808f81	00808f53	FUN_00808f53	LTR_INT_5	CVTSI2SS XMM0,dword ptr [0x00d9f608]
0080b08e	0080ace3	FUN_0080ace3	LTR_INT_5	FIMUL dword ptr [0x00d9f608]
0080f47f	0080f475	FUN_0080f475	F_5_logic_per_s	MULSS XMM0,dword ptr [0x00d9f618]
0080fe33	0080fe19	FUN_0080fe19	F_5_logic_per_s	MULSS XMM0,dword ptr [0x00d9f618]
00819f0e	00819e12	FUN_00819e12	LTR_INT_5	DIV dword ptr [0x00d9f608]
0081a0b2	0081a0a7	FUN_0081a0a7	LTR_INT_5	IMUL EAX,dword ptr [0x00d9f608]
0081a16d	0081a11e	FUN_0081a11e	LTR_INT_5	DIV dword ptr [0x00d9f608]
0081a1be	0081a11e	FUN_0081a11e	LTR_INT_5	PUSH dword ptr [0x00d9f608]
0081aadc	0081aa85	FUN_0081aa85	LTR_INT_5	FIDIV dword ptr [0x00d9f608]
0081bea6	0081be85	FUN_0081be85	LTR_INT_5	MOV ECX,dword ptr [0x00d9f608]
008213cb	00821319	FUN_00821319	LTR_INT_5	MOV EAX,[0x00d9f608]
0082522b	008251fa	FUN_008251fa	LTR_INT_5	MOV EAX,[0x00d9f608]
00838d60	00838d3a	FUN_00838d3a	CLIENT_FPS_INT_30	MOV EAX,[0x00d9f60c]
0083ab37	0083ab1f	FUN_0083ab1f	LTR_INT_5	ADD EAX,dword ptr [0x00d9f608]
0083ce55	0083c29e	FUN_0083c29e	LTR_INT_5	CMP ECX,dword ptr [0x00d9f608]
0083cfe2	0083c29e	FUN_0083c29e	LTR_INT_5	CMP EAX,dword ptr [0x00d9f608]
008512ab	0085123f	FUN_0085123f	LTR_INT_5	MOV EAX,[0x00d9f608]
00853430	008530ba	FUN_008530ba	F_0.005_per_ms_logic	FMUL dword ptr [0x00d9f610]
00853950	0085393b	FUN_0085393b	LTR_INT_5	MOV EAX,[0x00d9f608]
00855594	00855533	FUN_00855533	LTR_INT_5	MOV EDX,dword ptr [0x00d9f608]
008555d0	00855533	FUN_00855533	LTR_INT_5	ADD EAX,dword ptr [0x00d9f608]
0085592e	008558c0	FUN_008558c0	LTR_INT_5	MOV EAX,[0x00d9f608]
008574b3	008574ae	FUN_008574ae	LTR_INT_5	CVTSI2SS XMM1,dword ptr [0x00d9f608]
008580c4	00857e77	FUN_00857e77	LTR_INT_5	MOV EAX,[0x00d9f608]
0085c1bb	0085c177	FUN_0085c177	LTR_INT_5	MOV EAX,[0x00d9f608]
0085d232	0085d216	FUN_0085d216	LTR_INT_5	MOV EAX,[0x00d9f608]
0085dac2	0085d9d1	FUN_0085d9d1	LTR_INT_5	CVTSI2SS XMM0,dword ptr [0x00d9f608]
0085daeb	0085d9d1	FUN_0085d9d1	LTR_INT_5	MOV ECX,dword ptr [0x00d9f608]
0085de0b	0085d9d1	FUN_0085d9d1	LTR_INT_5	MOV EAX,[0x00d9f608]
0085e18d	0085df88	FUN_0085df88	LTR_INT_5	MOV EAX,[0x00d9f608]
0085eed9	0085ebee	FUN_0085ebee	F_0.03_client_per_ms	FMUL dword ptr [0x00d9f624]
0085eef5	0085ebee	FUN_0085ebee	F_0.03_client_per_ms	FMUL dword ptr [0x00d9f624]
00860fe0	00860e93	FUN_00860e93	LTR_INT_5	MOV EAX,[0x00d9f608]
00860fee	00860e93	FUN_00860e93	LTR_INT_5	MOV EAX,[0x00d9f608]
00862c2e	00862b07	FUN_00862b07	F_0.03_client_per_ms	FMUL dword ptr [0x00d9f624]
008640d6	0086404d	FUN_0086404d	LTR_INT_5	FILD dword ptr [0x00d9f608]
0086845e	008682d9	FUN_008682d9	LTR_INT_5	MOV ECX,dword ptr [0x00d9f608]
00868933	00868759	FUN_00868759	LTR_INT_5	MOV ECX,dword ptr [0x00d9f608]
0086ab63	0086a943	FUN_0086a943	F_0.03_client_per_ms	FLD dword ptr [0x00d9f624]
0086aba1	0086a943	FUN_0086a943	F_0.03_client_per_ms	FLD dword ptr [0x00d9f624]
0086ae59	0086abdc	FUN_0086abdc	F_0.03_client_per_ms	FLD dword ptr [0x00d9f624]
0086ae87	0086abdc	FUN_0086abdc	F_0.03_client_per_ms	FLD dword ptr [0x00d9f624]
0086b91a	0086b86d	FUN_0086b86d	F_0.2_s_per_logic	FMUL dword ptr [0x00d9f61c]
0086beab	0086bdd3	FUN_0086bdd3	LTR_INT_5	MOV ESI,dword ptr [0x00d9f608]
0086d2a0	0086d259	FUN_0086d259	LTR_INT_5	MOV ECX,dword ptr [0x00d9f608]
00871a53	008719e4	FUN_008719e4	LTR_INT_5	MOV ECX,dword ptr [0x00d9f608]
00872f6e	00872efc	FUN_00872efc	LTR_INT_5	MOV EAX,[0x00d9f608]
008730b4	00872efc	FUN_00872efc	LTR_INT_5	DIV dword ptr [0x00d9f608]
0087313f	00872efc	FUN_00872efc	LTR_INT_5	DIV dword ptr [0x00d9f608]
00878f8d	00878ee5	FUN_00878ee5	LTR_INT_5	MOV EAX,[0x00d9f608]
00878f9d	00878ee5	FUN_00878ee5	LTR_INT_5	MOV EAX,[0x00d9f608]
008790ac	00878ee5	FUN_00878ee5	LTR_INT_5	MOV EAX,[0x00d9f608]
0087c944	0087c8df	FUN_0087c8df	LTR_INT_5	MOV EAX,[0x00d9f608]
0087d65c	0087d649	FUN_0087d649	LTR_INT_5	MOV EAX,[0x00d9f608]
0087d9fc	0087d9f6	FUN_0087d9f6	LTR_INT_5	CVTSI2SS XMM1,dword ptr [0x00d9f608]
0087ef2a	0087ee53	FUN_0087ee53	LTR_INT_5	CVTSI2SS XMM1,dword ptr [0x00d9f608]
0087f901	0087f7b4	FUN_0087f7b4	LTR_INT_5	MOV ECX,dword ptr [0x00d9f608]
0087fb48	0087f7b4	FUN_0087f7b4	LTR_INT_5	MOV ECX,dword ptr [0x00d9f608]
00880080	0087ffc7	FUN_0087ffc7	LTR_INT_5	CVTSI2SS XMM1,dword ptr [0x00d9f608]
0088090a	008807ca	FUN_008807ca	LTR_INT_5	MOV ECX,dword ptr [0x00d9f608]
00880a23	008807ca	FUN_008807ca	LTR_INT_5	ADD EAX,dword ptr [0x00d9f608]
00880b3c	008807ca	FUN_008807ca	LTR_INT_5	MOV EAX,[0x00d9f608]
0088132a	00881298	FUN_00881298	LTR_INT_5	ADD EAX,dword ptr [0x00d9f608]
00882ce2	00882cb2	FUN_00882cb2	LTR_INT_5	MOV EAX,[0x00d9f608]
00884da3	00884cf1	FUN_00884cf1	LTR_INT_5	FILD dword ptr [0x00d9f608]
00886ba8	008868a6	FUN_008868a6	LTR_INT_5	FILD dword ptr [0x00d9f608]
00887484	00887458	FUN_00887458	LTR_INT_5	MOV ECX,dword ptr [0x00d9f608]
00887c46	00887bab	FUN_00887bab	LTR_INT_5	FILD dword ptr [0x00d9f608]
00889c3d	00889aaf	FUN_00889aaf	CLIENT_FPS_INT_30	FILD dword ptr [0x00d9f60c]
0088dc5e	0088d993	FUN_0088d993	LTR_INT_5	FIDIV dword ptr [0x00d9f608]
00890a62	00890738	FUN_00890738	LTR_INT_5	MOV EAX,[0x00d9f608]
00890bf6	00890bbb	FUN_00890bbb	LTR_INT_5	MOV EAX,[0x00d9f608]
0089575d	00895741	FUN_00895741	LTR_INT_5	FILD dword ptr [0x00d9f608]
00897a77	00897987	FUN_00897987	LTR_INT_5	FILD dword ptr [0x00d9f608]
00898a3d	00898a2d	FUN_00898a2d	LTR_INT_5	MOV ECX,dword ptr [0x00d9f608]
00899ab5	00899a96	FUN_00899a96	LTR_INT_5	MOV EAX,[0x00d9f608]
00899eb4	00899e8c	FUN_00899e8c	LTR_INT_5	MOV EAX,[0x00d9f608]
0089a795	0089a765	FUN_0089a765	LTR_INT_5	MOV ECX,dword ptr [0x00d9f608]
0089a7a1	0089a765	FUN_0089a765	LTR_INT_5	MOV ECX,dword ptr [0x00d9f608]
0089a7ad	0089a765	FUN_0089a765	LTR_INT_5	MOV ECX,dword ptr [0x00d9f608]
0089a7b9	0089a765	FUN_0089a765	LTR_INT_5	MOV ECX,dword ptr [0x00d9f608]
0089d6ea	0089d647	FUN_0089d647	LTR_INT_5	MOV EAX,[0x00d9f608]
0089e380	0089e169	FUN_0089e169	LTR_INT_5	SUB EBX,dword ptr [0x00d9f608]
0089e53c	0089e4da	FUN_0089e4da	LTR_INT_5	PUSH dword ptr [0x00d9f608]
008a2a75	008a1b9f	FUN_008a1b9f	LTR_INT_5	FILD dword ptr [0x00d9f608]
008a2c1c	008a1b9f	FUN_008a1b9f	LTR_INT_5	MOV EAX,[0x00d9f608]
008a2c2f	008a1b9f	FUN_008a1b9f	LTR_INT_5	MOV ECX,dword ptr [0x00d9f608]
008a2d40	008a1b9f	FUN_008a1b9f	CLIENT_FPS_INT_30	FILD dword ptr [0x00d9f60c]
008a5a5b	008a58fa	FUN_008a58fa	LTR_INT_5	IMUL EAX,dword ptr [0x00d9f608]
008a5bf6	008a5b75	FUN_008a5b75	LTR_INT_5	CVTSI2SS XMM1,dword ptr [0x00d9f608]
008a6080	008a5d00	FUN_008a5d00	F_0.03_client_per_ms	FMUL dword ptr [0x00d9f624]
008a60c0	008a5d00	FUN_008a5d00	F_0.03_client_per_ms	FMUL dword ptr [0x00d9f624]
008aec6a	008aeba6	FUN_008aeba6	LTR_INT_5	MOV EBP,dword ptr [0x00d9f608]
008af565	008af542	FUN_008af542	F_0.005_per_ms_logic	FLD dword ptr [0x00d9f610]
008af9f3	008af912	FUN_008af912	LTR_INT_5	FIDIV dword ptr [0x00d9f608]
008b371c	008b36b2	FUN_008b36b2	F_0.005_per_ms_logic	MOVSS XMM0,dword ptr [0x00d9f610]
008b4ec9	008b4eb1	FUN_008b4eb1	F_0.005_per_ms_logic	FLD dword ptr [0x00d9f610]
008b5dba	008b5738	FUN_008b5738	LTR_INT_5	MOV EDX,dword ptr [0x00d9f608]
008b65d3	008b65a2	FUN_008b65a2	LTR_INT_5	MOV EAX,[0x00d9f608]
008b864c	008b8464	FUN_008b8464	F_0.03_client_per_ms	FMUL dword ptr [0x00d9f624]
008b8f8c	008b8f40	FUN_008b8f40	CLIENT_FPS_INT_30	CVTSI2SS XMM3,dword ptr [0x00d9f60c]
008b8fbc	008b8f40	FUN_008b8f40	CLIENT_FPS_INT_30	CVTSI2SS XMM0,dword ptr [0x00d9f60c]
008ba6c1	008ba64c	FUN_008ba64c	LTR_INT_5	FILD dword ptr [0x00d9f608]
008bc9d3	008bc9b0	FUN_008bc9b0	LTR_INT_5	MOV EAX,[0x00d9f608]
008bcafb	008bc9b0	FUN_008bc9b0	LTR_INT_5	MOV EAX,[0x00d9f608]
008bcc4a	008bcc06	FUN_008bcc06	LTR_INT_5	MOV EAX,[0x00d9f608]
008bf51e	008bf4f0	FUN_008bf4f0	LTR_INT_5	MOV EAX,[0x00d9f608]
008c02f4	008c01d1	FUN_008c01d1	LTR_INT_5	MOV EDX,dword ptr [0x00d9f608]
008c0310	008c01d1	FUN_008c01d1	LTR_INT_5	MOV ECX,dword ptr [0x00d9f608]
008c0321	008c01d1	FUN_008c01d1	LTR_INT_5	MOV ECX,dword ptr [0x00d9f608]
008ca9c8	008ca978	FUN_008ca978	LTR_INT_5	CMP EAX,dword ptr [0x00d9f608]
008cdd67	008cdce9	FUN_008cdce9	F_0.2_s_per_logic	FMUL dword ptr [0x00d9f61c]
008d0c6b	008d0bf3	FUN_008d0bf3	LTR_INT_5	MOV EAX,[0x00d9f608]
008d2ae5	008d2adb	FUN_008d2adb	LTR_INT_5	MOV ECX,dword ptr [0x00d9f608]
008d2aef	008d2adb	FUN_008d2adb	LTR_INT_5	MOV ECX,dword ptr [0x00d9f608]
008dc1f0	008dc182	FUN_008dc182	LTR_INT_5	MOV ECX,dword ptr [0x00d9f608]
008e314e	008e302a	FUN_008e302a	LTR_INT_5	MOV EAX,[0x00d9f608]
008e3162	008e302a	FUN_008e302a	LTR_INT_5	MOV EAX,[0x00d9f608]
008e3a1b	008e38dd	FUN_008e38dd	LTR_INT_5	MOV EAX,[0x00d9f608]
008e9e1b	008e9db2	FUN_008e9db2	CLIENT_FPS_INT_30	MOV ECX,dword ptr [0x00d9f60c]
008ea686	008ea5d8	FUN_008ea5d8	CLIENT_FPS_INT_30	MOV ECX,dword ptr [0x00d9f60c]
008ea697	008ea5d8	FUN_008ea5d8	CLIENT_FPS_INT_30	SUB EAX,dword ptr [0x00d9f60c]
008ea896	008ea5d8	FUN_008ea5d8	CLIENT_FPS_INT_30	ADD EBX,dword ptr [0x00d9f60c]
008ee7c0	008ee765	FUN_008ee765	LTR_INT_5	FILD dword ptr [0x00d9f608]
008ee82f	008ee765	FUN_008ee765	LTR_INT_5	FILD dword ptr [0x00d9f608]
008f05ef	008f0502	FUN_008f0502	LTR_INT_5	MOV EAX,[0x00d9f608]
008f0855	008f0783	FUN_008f0783	LTR_INT_5	MOV EAX,[0x00d9f608]
008f173c	008f1725	FUN_008f1725	LTR_INT_5	CVTSI2SS XMM1,dword ptr [0x00d9f608]
008f2a17	008f2a12	FUN_008f2a12	LTR_INT_5	DIV dword ptr [0x00d9f608]
008f3f25	008f3efe	FUN_008f3efe	LTR_INT_5	MOV EAX,[0x00d9f608]
008f3f51	008f3efe	FUN_008f3efe	LTR_INT_5	MOV EAX,[0x00d9f608]
008f4800	008f457d	FUN_008f457d	LTR_INT_5	MOV EDX,dword ptr [0x00d9f608]
008f796e	008f7949	FUN_008f7949	LTR_INT_5	MOV EDX,dword ptr [0x00d9f608]
008f8223	008f805d	FUN_008f805d	LTR_INT_5	IMUL EAX,dword ptr [0x00d9f608]
008f8f89	008f8f68	FUN_008f8f68	LTR_INT_5	MOV EAX,[0x00d9f608]
008f96f7	008f96b6	FUN_008f96b6	LTR_INT_5	MOV EAX,[0x00d9f608]
008fa45e	008fa451	FUN_008fa451	LTR_INT_5	MOV EDX,dword ptr [0x00d9f608]
0090b23d	0090b1f4	FUN_0090b1f4	LTR_INT_5	CVTSI2SS XMM0,dword ptr [0x00d9f608]
009100f3	00910070	FUN_00910070	F_0.2_s_per_logic	MULSS XMM0,dword ptr [0x00d9f61c]
00925c22	009257f2	FUN_009257f2	LTR_INT_5	MOV ECX,dword ptr [0x00d9f608]
0092bab3	0092ba91	FUN_0092ba91	F_0.03_client_per_ms	FMUL dword ptr [0x00d9f624]
00944d21	00944cc0	FUN_00944cc0	LTR_INT_5	DIV dword ptr [0x00d9f608]
0094a154	0094a048	FUN_0094a048	LTR_INT_5	MOV EAX,[0x00d9f608]
0094a26e	0094a048	FUN_0094a048	LTR_INT_5	ADD EAX,dword ptr [0x00d9f608]
0094aa68	0094a986	FUN_0094a986	LTR_INT_5	MOV EAX,[0x00d9f608]
0094c3fc	0094c310	FUN_0094c310	LTR_INT_5	MOV ECX,dword ptr [0x00d9f608]
0097ddf4	0097dd6b	FUN_0097dd6b	LTR_INT_5	FILD dword ptr [0x00d9f608]
0098c35e	0098bdde	FUN_0098bdde	LTR_INT_5	MOV EAX,[0x00d9f608]
0098c367	0098bdde	FUN_0098bdde	LTR_INT_5	MOV EAX,[0x00d9f608]
0098c949	0098c6a8	FUN_0098c6a8	LTR_INT_5	ADD EAX,dword ptr [0x00d9f608]
0098da69	0098d478	FUN_0098d478	LTR_INT_5	MOV EAX,[0x00d9f608]
0098da72	0098d478	FUN_0098d478	LTR_INT_5	MOV EAX,[0x00d9f608]
0098e8e6	0098e3e7	FUN_0098e3e7	LTR_INT_5	MOV EAX,[0x00d9f608]
0098ea34	0098e3e7	FUN_0098e3e7	LTR_INT_5	ADD EAX,dword ptr [0x00d9f608]
0098f7d5	0098f780	FUN_0098f780	LTR_INT_5	MOV EAX,[0x00d9f608]
0098f7df	0098f780	FUN_0098f780	LTR_INT_5	MOV EAX,[0x00d9f608]
0098f7e9	0098f780	FUN_0098f780	LTR_INT_5	MOV EAX,[0x00d9f608]
00993024	00993019	FUN_00993019	LTR_INT_5	MOV EAX,[0x00d9f608]
0099eafc	0099eac1	FUN_0099eac1	CLIENT_FPS_INT_30	MOV EAX,[0x00d9f60c]
0099ec8e	0099eb97	FUN_0099eb97	CLIENT_FPS_INT_30	MOV EAX,[0x00d9f60c]
0099eca0	0099eb97	FUN_0099eb97	CLIENT_FPS_INT_30	MOV EAX,[0x00d9f60c]
0099f365	0099f313	FUN_0099f313	F_0.2_s_per_logic	FLD dword ptr [0x00d9f61c]
009b5483	009b53c6	FUN_009b53c6	LTR_INT_5	MOV ECX,dword ptr [0x00d9f608]
009b7fee	009b7f56	FUN_009b7f56	LTR_INT_5	MOV ECX,dword ptr [0x00d9f608]
009b9ead	009b9e06	FUN_009b9e06	LTR_INT_5	MOV ECX,dword ptr [0x00d9f608]
009ba469	009ba3c2	FUN_009ba3c2	LTR_INT_5	MOV ECX,dword ptr [0x00d9f608]
009baff8	009baf6c	FUN_009baf6c	LTR_INT_5	MOV EAX,[0x00d9f608]
009bb07c	009baf6c	FUN_009baf6c	LTR_INT_5	MOV EAX,[0x00d9f608]
009c0f00	009c0e74	FUN_009c0e74	LTR_INT_5	MOV ECX,dword ptr [0x00d9f608]
009ceea1	009ce8f3	FUN_009ce8f3	LTR_INT_5	DIV dword ptr [0x00d9f608]
009cfd65	009cfa65	FUN_009cfa65	LTR_INT_5	CVTSI2SS XMM0,dword ptr [0x00d9f608]
009cfd9f	009cfa65	FUN_009cfa65	LTR_INT_5	FILD dword ptr [0x00d9f608]
009d044a	009cfa65	FUN_009cfa65	LTR_INT_5	DIV dword ptr [0x00d9f608]
009e82af	009e7f0f	FUN_009e7f0f	LTR_INT_5	MOV EDX,dword ptr [0x00d9f608]
009e833a	009e7f0f	FUN_009e7f0f	LTR_INT_5	MOV ECX,dword ptr [0x00d9f608]
009e8f50	009e8a42	FUN_009e8a42	LTR_INT_5	MOV ECX,dword ptr [0x00d9f608]
009e9034	009e8a42	FUN_009e8a42	LTR_INT_5	MOV ECX,dword ptr [0x00d9f608]
009ed3c8	009ed351	FUN_009ed351	LTR_INT_5	MOV EAX,[0x00d9f608]
00bc0bc0	00bc0ba2	Unwind@00bc0ba2	CLIENT_FPS_INT_30	MOV EAX,[0x00d9f60c]
00bc0feb	00bc0ba2	Unwind@00bc0ba2	CLIENT_FPS_INT_30	MOV EAX,[0x00d9f60c]
00bc10c7	00bc0ba2	Unwind@00bc0ba2	CLIENT_FPS_INT_30	MOV EAX,[0x00d9f60c]
00bc145c	00bc0ba2	Unwind@00bc0ba2	CLIENT_FPS_INT_30	MOV EAX,[0x00d9f60c]
00bc1472	00bc0ba2	Unwind@00bc0ba2	CLIENT_FPS_INT_30	IDIV dword ptr [0x00d9f60c]
00bc1bc5	00bc0ba2	Unwind@00bc0ba2	CLIENT_FPS_INT_30	MOV EAX,[0x00d9f60c]
00bc23c5	00bc0ba2	Unwind@00bc0ba2	CLIENT_FPS_INT_30	MOV EAX,[0x00d9f60c]
00bc24ac	00bc0ba2	Unwind@00bc0ba2	CLIENT_FPS_INT_30	MOV EAX,[0x00d9f60c]
00bc2593	00bc0ba2	Unwind@00bc0ba2	CLIENT_FPS_INT_30	MOV EAX,[0x00d9f60c]
00bc2665	00bc0ba2	Unwind@00bc0ba2	CLIENT_FPS_INT_30	MOV EAX,[0x00d9f60c]
00bc2786	00bc0ba2	Unwind@00bc0ba2	CLIENT_FPS_INT_30	MOV EAX,[0x00d9f60c]
00bc2833	00bc0ba2	Unwind@00bc0ba2	CLIENT_FPS_INT_30	MOV EAX,[0x00d9f60c]
00bc2ad3	00bc0ba2	Unwind@00bc0ba2	CLIENT_FPS_INT_30	MOV EAX,[0x00d9f60c]
00bc2b90	00bc0ba2	Unwind@00bc0ba2	CLIENT_FPS_INT_30	MOV EAX,[0x00d9f60c]
00bc2bd3	00bc0ba2	Unwind@00bc0ba2	LTR_INT_5	MOV EAX,[0x00d9f608]
00bc2e1c	00bc0ba2	Unwind@00bc0ba2	CLIENT_FPS_INT_30	MOV EAX,[0x00d9f60c]
00bc2e85	00bc0ba2	Unwind@00bc0ba2	CLIENT_FPS_INT_30	MOV EAX,[0x00d9f60c]
00bc2f62	00bc0ba2	Unwind@00bc0ba2	CLIENT_FPS_INT_30	MOV EAX,[0x00d9f60c]
00bc30a9	00bc0ba2	Unwind@00bc0ba2	CLIENT_FPS_INT_30	MOV EAX,[0x00d9f60c]
00bc30b9	00bc0ba2	Unwind@00bc0ba2	LTR_INT_5	MOV EAX,[0x00d9f608]
00bc3123	00bc0ba2	Unwind@00bc0ba2	LTR_INT_5	MOV EAX,[0x00d9f608]
00bc3229	00bc0ba2	Unwind@00bc0ba2	CLIENT_FPS_INT_30	MOV EAX,[0x00d9f60c]
00bc3239	00bc0ba2	Unwind@00bc0ba2	LTR_INT_5	MOV EAX,[0x00d9f608]
00bc32a7	00bc0ba2	Unwind@00bc0ba2	CLIENT_FPS_INT_30	MOV EAX,[0x00d9f60c]
00bc3311	00bc0ba2	Unwind@00bc0ba2	LTR_INT_5	MOV EAX,[0x00d9f608]
00bc3390	00bc0ba2	Unwind@00bc0ba2	CLIENT_FPS_INT_30	MOV EAX,[0x00d9f60c]
00bc377c	00bc0ba2	Unwind@00bc0ba2	CLIENT_FPS_INT_30	MOV EAX,[0x00d9f60c]
00bc3975	00bc0ba2	Unwind@00bc0ba2	CLIENT_FPS_INT_30	MOV EAX,[0x00d9f60c]
00bc3b54	00bc0ba2	Unwind@00bc0ba2	CLIENT_FPS_INT_30	MOV EAX,[0x00d9f60c]
00bc3bbf	00bc0ba2	Unwind@00bc0ba2	CLIENT_FPS_INT_30	MOV EAX,[0x00d9f60c]
00bc3d58	00bc0ba2	Unwind@00bc0ba2	CLIENT_FPS_INT_30	MOV EAX,[0x00d9f60c]
00bc40a6	00bc0ba2	Unwind@00bc0ba2	CLIENT_FPS_INT_30	MOV EAX,[0x00d9f60c]
00bc41b7	00bc0ba2	Unwind@00bc0ba2	CLIENT_FPS_INT_30	MOV EAX,[0x00d9f60c]
00bc4692	00bc0ba2	Unwind@00bc0ba2	CLIENT_FPS_INT_30	MOV EAX,[0x00d9f60c]
00bc4b35	00bc0ba2	Unwind@00bc0ba2	CLIENT_FPS_INT_30	MOV EAX,[0x00d9f60c]
00bc50e2	00bc5055	FUN_00bc5055	CLIENT_FPS_INT_30	MOV EAX,[0x00d9f60c]
00bc530e	00bc5055	FUN_00bc5055	CLIENT_FPS_INT_30	MOV EAX,[0x00d9f60c]
00bc5675	00bc5055	FUN_00bc5055	CLIENT_FPS_INT_30	MOV EAX,[0x00d9f60c]
00bc569f	00bc5055	FUN_00bc5055	CLIENT_FPS_INT_30	MOV EAX,[0x00d9f60c]
00bc56af	00bc5055	FUN_00bc5055	LTR_INT_5	MOV EAX,[0x00d9f608]
00bc579c	00bc5055	FUN_00bc5055	CLIENT_FPS_INT_30	MOV EAX,[0x00d9f60c]
00bc5b75	00bc5055	FUN_00bc5055	CLIENT_FPS_INT_30	MOV EAX,[0x00d9f60c]
00bc5bdf	00bc5055	FUN_00bc5055	LTR_INT_5	MOV EAX,[0x00d9f608]
00bc6091	00bc5055	FUN_00bc5055	CLIENT_FPS_INT_30	MOV EAX,[0x00d9f60c]
00bc79c0	00bc5055	FUN_00bc5055	CLIENT_FPS_INT_30	MOV EAX,[0x00d9f60c]
00bc924e	00bc8eed	FUN_00bc8eed	CLIENT_FPS_INT_30	MOV EAX,[0x00d9f60c]
00bc9972	00bc996d	FUN_00bc996d	F_0.2_s_per_logic	FLD dword ptr [0x00d9f61c]
00bc99b8	00bc996d	FUN_00bc996d	CLIENT_FPS_INT_30	MOV EAX,[0x00d9f60c]
00bc99e3	00bc996d	FUN_00bc996d	LTR_INT_5	MOV EAX,[0x00d9f608]
00bc99f1	00bc996d	FUN_00bc996d	LTR_INT_5	MOV EAX,[0x00d9f608]
00bc9a6c	00bc996d	FUN_00bc996d	CLIENT_FPS_INT_30	MOV EAX,[0x00d9f60c]
00bc9b6b	00bc996d	FUN_00bc996d	CLIENT_FPS_INT_30	MOV EAX,[0x00d9f60c]
00bc9b96	00bc996d	FUN_00bc996d	LTR_INT_5	MOV EAX,[0x00d9f608]
00bc9ba4	00bc996d	FUN_00bc996d	LTR_INT_5	MOV EAX,[0x00d9f608]
00bc9bb1	00bc996d	FUN_00bc996d	LTR_INT_5	MOV EAX,[0x00d9f608]
00bc9bbc	00bc996d	FUN_00bc996d	LTR_INT_5	MOV EAX,[0x00d9f608]
00bc9be4	00bc996d	FUN_00bc996d	CLIENT_FPS_INT_30	MOV EAX,[0x00d9f60c]
00bc9c0f	00bc996d	FUN_00bc996d	LTR_INT_5	MOV EAX,[0x00d9f608]
00bc9c1d	00bc996d	FUN_00bc996d	LTR_INT_5	MOV EAX,[0x00d9f608]
00bc9c2a	00bc996d	FUN_00bc996d	LTR_INT_5	MOV EAX,[0x00d9f608]
00bc9c35	00bc996d	FUN_00bc996d	LTR_INT_5	MOV EAX,[0x00d9f608]
00bc9cbe	00bc996d	FUN_00bc996d	LTR_INT_5	MOV EAX,[0x00d9f608]
00bc9ccc	00bc996d	FUN_00bc996d	LTR_INT_5	MOV EAX,[0x00d9f608]
00bc9d10	00bc996d	FUN_00bc996d	LTR_INT_5	MOV EAX,[0x00d9f608]
00bc9d1e	00bc996d	FUN_00bc996d	LTR_INT_5	MOV EAX,[0x00d9f608]
00bc9e91	00bc996d	FUN_00bc996d	CLIENT_FPS_INT_30	MOV EAX,[0x00d9f60c]
00bca04b	00bc9ff4	FUN_00bc9ff4	CLIENT_FPS_INT_30	MOV EAX,[0x00d9f60c]
00bca159	00bc9ff4	FUN_00bc9ff4	CLIENT_FPS_INT_30	MOV EAX,[0x00d9f60c]
00bcaa2c	00bca9c9	FUN_00bca9c9	CLIENT_FPS_INT_30	MOV EAX,[0x00d9f60c]
00bcabc8	00bcab7b	FUN_00bcab7b	CLIENT_FPS_INT_30	MOV EAX,[0x00d9f60c]
